<?xml version="1.0"?>
<!--
/**
 * Apptha
 *
 * NOTICE OF LICENSE
 *
 * This source file is subject to the EULA
 * that is bundled with this package in the file LICENSE.txt.
 * It is also available through the world-wide-web at this URL:
 * http://www.apptha.com/LICENSE.txt
 *
 * ==============================================================
 *                 MAGENTO EDITION USAGE NOTICE
 * ==============================================================
 * This package designed for Magento COMMUNITY edition
 * Apptha does not guarantee correct work of this extension
 * on any other Magento edition except Magento COMMUNITY edition.
 * Apptha does not provide extension support in case of
 * incorrect edition usage.
 * ==============================================================
 *
 * @category    Apptha
 * @package     Apptha_Marketplace
 * @version     1.9.0
 * @author      Apptha Team <developers@contus.in>
 * @copyright   Copyright (c) 2015 Apptha. (http://www.apptha.com)
 * @license     http://www.apptha.com/LICENSE.txt
 * 
 */
-->
<config>
<!-- Apptha marketplace tab -->
<tabs> 
        <Apptha translate="label" module="bannerslider">
            <label>Apptha</label>
            <sort_order>100</sort_order>
        </Apptha>
    </tabs> 
    <sections>
    <!-- Banner slider section -->
        <bannerslider>
            <label>Banner Slider</label>
            <tab>Apptha</tab>
            <sort_order>600</sort_order>
            <show_in_default>1</show_in_default>
            <show_in_website>1</show_in_website>
            <show_in_store>1</show_in_store>
            <groups>
            <!-- General setting section -->
              <general>
                    <label>General Settings</label>
                    <sort_order>1</sort_order>
                    <show_in_default>1</show_in_default>
                    <show_in_website>1</show_in_website>
                    <show_in_store>1</show_in_store>
                    <!-- Active status for enable and disable option -->
                    <fields>
                         <enabled>
                            <label>Enabled</label>
                            <frontend_type>select</frontend_type>
                            <source_model>adminhtml/system_config_source_yesno</source_model>
                            <sort_order>1</sort_order>
                            <show_in_default>1</show_in_default>
                            <show_in_website>1</show_in_website>
                            <show_in_store>1</show_in_store>
                        </enabled>
                   </fields>
               </general>
            </groups>
        </bannerslider>
    </sections>
</config>