<?xml version="1.0" encoding="UTF-8"?>
<!-- 
/**
 * Apptha
 *
 * NOTICE OF LICENSE
 *
 * This source file is subject to the EULA
 * that is bundled with this package in the file LICENSE.txt.
 * It is also available through the world-wide-web at this URL:
 * http://www.apptha.com/LICENSE.txt
 *
 * ==============================================================
 *                 MAGENTO EDITION USAGE NOTICE
 * ==============================================================
 * This package designed for Magento COMMUNITY edition
 * Apptha does not guarantee correct work of this extension
 * on any other Magento edition except Magento COMMUNITY edition.
 * Apptha does not provide extension support in case of
 * incorrect edition usage.
 * ==============================================================
 *
 * @category    Apptha
 * @package    	Apptha_Advancedfilters
 * @version     1.0.0
 * @author      Apptha Team <developers@contus.in>
 * @copyright   Copyright (c) 2014 Apptha. (http://www.apptha.com)
 * @license     http://www.apptha.com/LICENSE.txt
 * 
 */
 -->
<config>
    <acl>
        <resources>
            <admin>
                <children>
                    <system>
                        <children>
                            <config>
                                <children>
                                    <advancedproductfilters translate="title" module="productfilters">
                                        <title>Product Filters</title>
                                    </advancedproductfilters>
                                </children>
                            </config>
                        </children>
                    </system>
                </children>
            </admin>
        </resources>
    </acl>
</config>