<?xml version="1.0" encoding="UTF-8"?>
<!--
/**
 * Apptha
 *
 * NOTICE OF LICENSE
 *
 * This source file is subject to the EULA
 * that is bundled with this package in the file LICENSE.txt.
 * It is also available through the world-wide-web at this URL:
 * http://www.apptha.com/LICENSE.txt
 *
 * ==============================================================
 *                 MAGENTO EDITION USAGE NOTICE
 * ==============================================================
 * This package designed for Magento COMMUNITY edition
 * Apptha does not guarantee correct work of this extension
 * on any other Magento edition except Magento COMMUNITY edition.
 * Apptha does not provide extension support in case of
 * incorrect edition usage.
 * ==============================================================
 *
 * @category    Apptha
 * @package     Apptha_Marketplace
 * @version     1.9.0
 * @author      Apptha Team <developers@contus.in>
 * @copyright   Copyright (c) 2015 Apptha. (http://www.apptha.com)
 * @license     http://www.apptha.com/LICENSE.txt
 *
 */
/**
 * Seller Shipping System Configuration File
 */
 -->
<config>
    <sections>
        <carriers>
            <groups>
                <apptha translate="label" module="merchantshipping">
                    <label>Apptha Seller Shipping Module</label>
                    <frontend_type>text</frontend_type>
                    <sort_order>99</sort_order>
                    <show_in_default>1</show_in_default>
                    <show_in_website>1</show_in_website>
                    <show_in_store>1</show_in_store>
                    <fields>
                        <active translate="label">
                            <label>Enabled</label>
                            <frontend_type>select</frontend_type>
                            <source_model>adminhtml/system_config_source_yesno</source_model>
                            <sort_order>1</sort_order>
                            <show_in_default>1</show_in_default>
                            <show_in_website>1</show_in_website>
                            <show_in_store>1</show_in_store>
                        </active>
                        <title translate="label">
                            <label>Title</label>
                            <frontend_type>text</frontend_type>
                            <sort_order>2</sort_order>
                            <show_in_default>1</show_in_default>
                            <show_in_website>1</show_in_website>
                            <show_in_store>1</show_in_store>
                        </title>
                        <name translate="label">
                            <label>Method Name</label>
                            <frontend_type>text</frontend_type>
                            <sort_order>2</sort_order>
                            <show_in_default>1</show_in_default>
                            <show_in_website>1</show_in_website>
                            <show_in_store>1</show_in_store>
                        </name>
                        <specificerrmsg translate="label">
                            <label>Displayed Error Message</label>
                            <frontend_type>textarea</frontend_type>
                            <sort_order>4</sort_order>
                            <show_in_default>1</show_in_default>
                            <show_in_website>1</show_in_website>
                            <show_in_store>1</show_in_store>
                        </specificerrmsg>
                    </fields>
                </apptha>
            </groups>
        </carriers>
    </sections>
</config>