<?xml version="1.0" encoding="UTF-8"?>
<!-- 
/**
 * Apptha
 *
 * NOTICE OF LICENSE
 *
 * This source file is subject to the EULA
 * that is bundled with this package in the file LICENSE.txt.
 * It is also available through the world-wide-web at this URL:
 * http://www.apptha.com/LICENSE.txt
 *
 * ==============================================================
 *                 MAGENTO EDITION USAGE NOTICE
 * ==============================================================
 * This package designed for Magento COMMUNITY edition
 * Apptha does not guarantee correct work of this extension
 * on any other Magento edition except Magento COMMUNITY edition.
 * Apptha does not provide extension support in case of
 * incorrect edition usage.
 * ==============================================================
 *
 * @category    Apptha
 * @package     Apptha_FacebookStore
 * @version    	0.1.1
 * @author      Apptha Team <developers@contus.in>
 * @copyright   Copyright (c) 2014 Apptha. (http://www.apptha.com)
 * @license     http://www.apptha.com/LICENSE.txt
 *
 * */
 -->
<config>
     <tabs>
        <Apptha translate="label" module="facebookstore">
            <label>Apptha</label>
            <sort_order>100</sort_order>
        </Apptha>
    </tabs>
    <sections>
        <facebookstore translate="label">
              <label>Facebook Store</label>
              <tab>Apptha</tab>
              <frontend_type>text</frontend_type>
              <sort_order>1000</sort_order>
              <show_in_default>1</show_in_default>
              <show_in_website>1</show_in_website>
              <show_in_store>1</show_in_store>
        <groups>
      	<faceconnect translate="label" >
                <label>Facebook connect options</label>
                <frontend_type>text</frontend_type>
              <sort_order>1</sort_order>
              <show_in_default>1</show_in_default>
              <show_in_website>1</show_in_website>
              <show_in_store>1</show_in_store>
            <fields>
                <enabled translate="label">
                            <label>Enabled</label>
                            <frontend_type>select</frontend_type>
                            <source_model>adminhtml/system_config_source_yesno</source_model>
                            <sort_order>1</sort_order>
                            <show_in_default>1</show_in_default>
                            <show_in_website>1</show_in_website>
                            <show_in_store>1</show_in_store>
                        </enabled>
                          <facebook_app_id translate="label">
                            <label>Facebook App ID</label>
                            <frontend_type>text</frontend_type>
                            <sort_order>2</sort_order>
                            <show_in_default>1</show_in_default>
                            <show_in_website>1</show_in_website>
                            <show_in_store>1</show_in_store>
                        </facebook_app_id>
                       <facebook_app_secret translate="label">
                            <label>Facebook App Secret</label>
                            <frontend_type>text</frontend_type>
                             <sort_order>3</sort_order>
                            <show_in_default>1</show_in_default>
                            <show_in_website>1</show_in_website>
                            <show_in_store>1</show_in_store>
                        </facebook_app_secret>
                        <facebook_app_path translate="label">
                            <label>Facebook Canvas Page</label>
                            <frontend_type>text</frontend_type>
                             <sort_order>3</sort_order>
                            <show_in_default>1</show_in_default>
                            <show_in_website>1</show_in_website>
                            <show_in_store>1</show_in_store>
                        </facebook_app_path>                                              
                      </fields>
                  </faceconnect>
               
                 </groups>
        </facebookstore>
    </sections>
</config>